{
  "version": 1,
  "author": "Anonymous maker",
  "editor": "wokwi",
  "parts": [
    {
      "type": "wokwi-esp32-devkit-v1",
      "id": "esp",
      "top": 0,
      "left": 0,
      "attrs": { "env": "micropython-20220618-v1.19.1" }
    },
    { "type": "board-ds18b20", "id": "temp1", "top": -66.23, "left": 206.47, "attrs": {} },
    {
      "type": "wokwi-resistor",
      "id": "r1",
      "top": 14.06,
      "left": 228.92,
      "attrs": { "value": "1000" }
    }
  ],
  "connections": [
    [ "esp:TX0", "$serialMonitor:RX", "", [] ],
    [ "esp:RX0", "$serialMonitor:TX", "", [] ],
    [ "esp:GND.1", "temp1:GND", "black", [ "h0" ] ],
    [ "temp1:DQ", "r1:1", "green", [ "v0" ] ],
    [ "temp1:VCC", "r1:2", "red", [ "v-0.61", "h57.16" ] ],
    [ "temp1:VCC", "esp:3V3", "red", [ "v0.5", "h57.16", "v176.9" ] ],
    [ "esp:D4", "temp1:DQ", "green", [ "h0" ] ]
  ],
  "dependencies": {}
}